         Datum/Zeit;    Temp; Feuchte;   PyrUp;   PyrDn;   Regen;Lüfterdrehzahl;Globalstrahlung
01.02.2024 12:45:00;    7.20;   0.680;   0.909;   8.821;       0;     0.0;   180.4
01.02.2024 12:46:00;    7.72;   0.728;   1.702;   5.006;       0;     0.0;   337.7
01.02.2024 12:47:00;    7.66;   0.725;   1.824;   5.381;       0;     0.0;   361.9
01.02.2024 12:48:00;    7.71;   0.730;   1.770;   8.388;       0;     0.0;   351.2
01.02.2024 12:49:00;    7.83;   0.735;   1.502;   8.993;       0;     0.0;   298.0
01.02.2024 12:50:00;    7.82;   0.732;   0.989;  12.474;       0;     0.0;   196.2
01.02.2024 12:51:00;    7.84;   0.733;   1.134;  12.375;       0;     0.0;   225.0
01.02.2024 12:52:00;    7.82;   0.732;   0.800;  11.240;       0;     0.0;   158.6
01.02.2024 12:53:00;    7.70;   0.728;   1.162;   9.770;       0;     0.0;   230.6
01.02.2024 12:54:00;    7.58;   0.729;   1.118;   7.032;       0;     0.0;   221.8
01.02.2024 12:55:00;    7.49;   0.730;   0.487;   8.511;       0;     0.0;    96.6
01.02.2024 12:56:00;    7.40;   0.731;   0.702;   9.640;       0;     0.0;   139.4
01.02.2024 12:57:00;    7.33;   0.733;   0.578;   7.003;       0;     0.0;   114.6
01.02.2024 12:58:00;    7.24;   0.733;   0.441;   8.629;       0;     0.0;    87.4
01.02.2024 12:59:00;    7.15;   0.734;   0.461;   6.642;       0;     0.0;    91.4
01.02.2024 13:00:00;    7.08;   0.736;   0.504;   4.059;       0;     0.0;   100.0
01.02.2024 13:01:00;    7.06;   0.739;   0.572;   6.544;       0;     0.0;   113.5
01.02.2024 13:02:00;    7.03;   0.740;   0.584;   8.619;       0;     0.0;   115.8
01.02.2024 13:03:00;    7.03;   0.743;   0.665;   8.180;       0;     0.0;   132.0
01.02.2024 13:04:00;    7.00;   0.743;   0.709;   6.738;       0;     0.0;   140.7
01.02.2024 13:05:00;    7.01;   0.746;   0.806;   5.412;       0;     0.0;   159.9
01.02.2024 13:06:00;    7.03;   0.749;   1.240;   4.928;       0;     0.0;   246.1
01.02.2024 13:07:00;    7.05;   0.749;   1.429;   4.714;       0;     0.0;   283.5
01.02.2024 13:08:00;    7.10;   0.752;   1.424;   4.453;       0;     0.0;   282.5
01.02.2024 13:09:00;    7.15;   0.751;   0.823;   3.020;       0;     0.0;   163.3
01.02.2024 13:10:00;    7.18;   0.749;   1.066;   2.978;       0;     0.0;   211.5
01.02.2024 13:11:00;    7.22;   0.749;   0.753;   3.386;       0;     0.0;   149.4
01.02.2024 13:12:00;    7.26;   0.749;   1.221;   4.218;       0;     0.0;   242.4
01.02.2024 13:13:00;    7.27;   0.747;   0.667;   3.778;       0;     0.0;   132.4
01.02.2024 13:14:00;    7.25;   0.743;   1.009;   7.968;       0;     0.0;   200.2
01.02.2024 13:15:00;    7.24;   0.743;   0.949;   9.351;       0;     0.0;   188.2
01.02.2024 13:16:00;    7.26;   0.744;   1.291;  11.170;       0;     0.0;   256.2
01.02.2024 13:17:00;    7.30;   0.745;   1.333;   8.969;       0;     0.0;   264.4
01.02.2024 13:18:00;    7.32;   0.745;   1.299;   9.078;       0;     0.0;   257.8
01.02.2024 13:19:00;    7.40;   0.747;   1.335;   8.248;       0;     0.0;   264.8
01.02.2024 13:20:00;    7.44;   0.745;   1.356;   7.933;       0;     0.0;   269.0
01.02.2024 13:21:00;    7.49;   0.744;   1.350;   8.641;       0;     0.0;   267.8
01.02.2024 13:22:00;    7.49;   0.740;   1.356;   7.073;       0;     0.0;   269.1
01.02.2024 13:23:00;    7.51;   0.738;   1.337;   8.329;       0;     0.0;   265.3
01.02.2024 13:24:00;    7.60;   0.739;   1.332;   8.315;       0;     0.0;   264.4
01.02.2024 13:25:00;    7.71;   0.741;   1.324;   9.454;       0;     0.0;   262.7
01.02.2024 13:26:00;    7.79;   0.739;   1.214;   8.086;       0;     0.0;   240.9
01.02.2024 13:27:00;    7.81;   0.735;   1.171;   6.923;       0;     0.0;   232.4
01.02.2024 13:28:00;    7.81;   0.731;   1.277;   7.634;       0;     0.0;   253.4
01.02.2024 13:29:00;    7.85;   0.731;   1.053;   6.973;       0;     0.0;   208.9
01.02.2024 13:30:00;    7.88;   0.730;   1.103;   7.668;       0;     0.0;   218.9
01.02.2024 13:31:00;    7.90;   0.729;   0.869;   6.610;       0;     0.0;   172.5
01.02.2024 13:32:00;    7.84;   0.723;   1.264;   7.451;       0;     0.0;   250.7
01.02.2024 13:33:00;    7.79;   0.721;   1.190;   4.048;       0;     0.0;   236.1
01.02.2024 13:34:00;    7.80;   0.723;   0.607;   6.076;       0;     0.0;   120.4
01.02.2024 13:35:00;    7.79;   0.722;   0.836;   7.786;       0;     0.0;   165.8
01.02.2024 13:36:00;    7.76;   0.722;   1.261;   7.368;       0;     0.0;   250.3
01.02.2024 13:37:00;    7.72;   0.722;   1.241;   7.340;       0;     0.0;   246.3
01.02.2024 13:38:00;    7.73;   0.726;   1.236;   6.969;       0;     0.0;   245.2
01.02.2024 13:39:00;    7.74;   0.725;   1.252;   3.920;       0;     0.0;   248.4
01.02.2024 13:40:00;    7.73;   0.724;   0.910;   4.301;       0;     0.0;   180.6
01.02.2024 13:41:00;    7.70;   0.722;   0.824;   1.870;       0;     0.0;   163.6
01.02.2024 13:42:00;    7.65;   0.720;   1.054;   4.961;       0;     0.0;   209.1
01.02.2024 13:43:00;    7.63;   0.723;   0.849;   8.020;       0;     0.0;   168.4
01.02.2024 13:44:00;    7.60;   0.723;   0.888;   6.854;       0;     0.0;   176.1
01.02.2024 13:45:00;    7.59;   0.725;   1.036;   9.435;       0;     0.0;   205.5
01.02.2024 13:46:00;    7.56;   0.725;   0.973;   5.823;       0;     0.0;   193.0
01.02.2024 13:47:00;    7.51;   0.725;   1.135;   5.159;       0;     0.0;   225.2
01.02.2024 13:48:00;    7.47;   0.725;   0.678;   3.817;       0;     0.0;   134.6
01.02.2024 13:49:00;    7.46;   0.727;   1.173;   4.674;       0;     0.0;   232.7
01.02.2024 13:50:00;    7.46;   0.728;   1.128;   3.757;       0;     0.0;   223.8
01.02.2024 13:51:00;    7.50;   0.731;   1.185;   3.691;       0;     0.0;   235.1
01.02.2024 13:52:00;    7.53;   0.731;   1.218;   4.445;       0;     0.0;   241.7
01.02.2024 13:53:00;    7.56;   0.732;   1.296;   3.881;       0;     0.0;   257.2
01.02.2024 13:54:00;    7.60;   0.732;   1.303;   9.198;       0;     0.0;   258.5
01.02.2024 13:55:00;    7.63;   0.731;   1.283;   3.516;       0;     0.0;   254.6
01.02.2024 13:56:00;    7.69;   0.732;   1.355;   1.874;       0;     0.0;   268.8
01.02.2024 13:57:00;    7.73;   0.730;   1.365;   1.171;       0;     0.0;   270.7
01.02.2024 13:58:00;    7.79;   0.730;   1.333;   2.499;       0;     0.0;   264.4
01.02.2024 13:59:00;    7.81;   0.727;   1.300;   3.110;       0;     0.0;   258.0
01.02.2024 14:00:00;    7.83;   0.727;   1.262;   8.452;       0;     0.0;   250.5
01.02.2024 14:01:00;    7.87;   0.726;   1.109;  10.094;       0;     0.0;   220.1
01.02.2024 14:02:00;    7.84;   0.721;   1.154;   8.461;       0;     0.0;   228.9
01.02.2024 14:03:00;    7.82;   0.718;   1.098;   2.733;       0;     0.0;   217.8
01.02.2024 14:04:00;    7.84;   0.717;   1.175;   1.697;       0;     0.0;   233.2
01.02.2024 14:05:00;    7.83;   0.712;   1.122;   0.712;       0;     0.0;   222.7
01.02.2024 14:06:00;    7.79;   0.708;   1.028;   1.751;       0;     0.0;   204.1
01.02.2024 14:07:00;    7.79;   0.707;   0.994;   1.337;       0;     0.0;   197.2
01.02.2024 14:08:00;    7.80;   0.706;   0.960;   1.370;       0;     0.0;   190.5
01.02.2024 14:09:00;    7.80;   0.705;   0.885;   4.201;       0;     0.0;   175.6
01.02.2024 14:10:00;    7.74;   0.701;   0.958;   8.642;       0;     0.0;   190.0
01.02.2024 14:11:00;    7.71;   0.701;   0.978;   8.007;       0;     0.0;   194.1
01.02.2024 14:12:00;    7.68;   0.701;   0.926;   4.227;       0;     0.0;   183.6
01.02.2024 14:13:00;    7.66;   0.701;   0.956;   1.621;       0;     0.0;   189.8
01.02.2024 14:14:00;    7.62;   0.701;   0.971;   2.696;       0;     0.0;   192.6
01.02.2024 14:15:00;    7.63;   0.703;   0.958;   1.287;       0;     0.0;   190.0
01.02.2024 14:16:00;    7.62;   0.702;   0.919;   1.655;       0;     0.0;   182.4
01.02.2024 14:17:00;    7.59;   0.702;   0.993;   1.618;       0;     0.0;   197.0
01.02.2024 14:18:00;    7.58;   0.702;   0.984;   1.355;       0;     0.0;   195.3
01.02.2024 14:19:00;    7.58;   0.704;   0.961;   1.678;       0;     0.0;   190.6
01.02.2024 14:20:00;    7.58;   0.704;   0.854;   0.618;       0;     0.0;   169.4
01.02.2024 14:21:00;    7.58;   0.705;   0.431;   4.429;       0;     0.0;    85.4
01.02.2024 14:22:00;    7.56;   0.703;   0.366;   1.859;       0;     0.0;    72.7
01.02.2024 14:23:00;    7.51;   0.704;   0.336;  -0.253;       0;     0.0;    66.7
01.02.2024 14:24:00;    7.49;   0.706;   0.349;   0.908;       0;     0.0;    69.2
01.02.2024 14:25:00;    7.47;   0.708;   0.421;  -0.157;       0;     0.0;    83.5
01.02.2024 14:26:00;    7.42;   0.711;   0.629;   1.438;       0;     0.0;   124.9
01.02.2024 14:27:00;    7.41;   0.714;   0.424;   1.810;       0;     0.0;    84.1
01.02.2024 14:28:00;    7.37;   0.716;   0.393;   0.199;       0;     0.0;    78.0
01.02.2024 14:29:00;    7.35;   0.718;   0.294;   0.507;       0;     0.0;    58.3
01.02.2024 14:30:00;    7.33;   0.719;   0.250;   5.475;       0;     0.0;    49.5
01.02.2024 14:31:00;    7.29;   0.719;   0.276;   1.023;       0;     0.0;    54.8
01.02.2024 14:32:00;    7.26;   0.720;   0.281;   6.539;       0;     0.0;    55.8
01.02.2024 14:33:00;    7.25;   0.722;   0.291;   6.849;       0;     0.0;    57.8
01.02.2024 14:34:00;    7.25;   0.724;   0.297;   7.462;       0;     0.0;    59.0
01.02.2024 14:35:00;    7.24;   0.724;   0.288;   5.616;       0;     0.0;    57.1
01.02.2024 14:36:00;    7.19;   0.724;   0.263;   1.425;       0;     0.0;    52.2
01.02.2024 14:37:00;    7.16;   0.724;   0.252;   1.141;       0;     0.0;    49.9
01.02.2024 14:38:00;    7.14;   0.723;   0.276;   5.511;       0;     0.0;    54.7
01.02.2024 14:39:00;    7.12;   0.722;   0.258;   4.551;       0;     0.0;    51.2
01.02.2024 14:40:00;    7.10;   0.722;   0.261;   8.452;       0;     0.0;    51.7
01.02.2024 14:41:00;    7.07;   0.721;   0.241;   7.899;       0;     0.0;    47.8
01.02.2024 14:42:00;    7.04;   0.720;   0.224;   4.598;       0;     0.0;    44.5
01.02.2024 14:43:00;    7.01;   0.720;   0.268;   1.345;       0;     0.0;    53.2
01.02.2024 14:44:00;    6.98;   0.720;   0.274;   4.901;       0;     0.0;    54.3
01.02.2024 14:45:00;    6.97;   0.722;   0.449;   8.250;       0;     0.0;    89.1
01.02.2024 14:46:00;    6.97;   0.723;   0.430;   8.046;       0;     0.0;    85.4
01.02.2024 14:47:00;    6.97;   0.724;   0.410;   7.931;       0;     0.0;    81.4
01.02.2024 14:48:00;    6.98;   0.725;   0.344;   7.983;       0;     0.0;    68.2
01.02.2024 14:49:00;    6.99;   0.725;   0.318;   8.094;       0;     0.0;    63.0
01.02.2024 14:50:00;    7.00;   0.726;   0.260;   7.486;       0;     0.0;    51.6
01.02.2024 14:51:00;    7.00;   0.725;   0.231;   4.874;       0;     0.0;    45.8
01.02.2024 14:52:00;    7.00;   0.725;   0.216;   7.623;       0;     0.0;    42.8
01.02.2024 14:53:00;    7.00;   0.727;   0.290;   8.507;       0;     0.0;    57.6
01.02.2024 14:54:00;    7.00;   0.727;   0.231;   8.406;       0;     0.0;    45.8
01.02.2024 14:55:00;    6.99;   0.728;   0.213;   6.391;       0;     0.0;    42.2
01.02.2024 14:56:00;    6.99;   0.729;   0.202;   7.929;       0;     0.0;    40.0
01.02.2024 14:57:00;    6.99;   0.730;   0.191;   7.486;       0;     0.0;    38.0
01.02.2024 14:58:00;    6.99;   0.730;   0.188;   6.743;       0;     0.0;    37.4
01.02.2024 14:59:00;    6.99;   0.730;   0.200;   7.816;       0;     0.0;    39.7
01.02.2024 15:00:00;    6.99;   0.731;   0.205;   7.305;       0;     0.0;    40.7
01.02.2024 15:01:00;    6.99;   0.732;   0.180;   6.964;       0;     0.0;    35.8
01.02.2024 15:02:00;    7.00;   0.732;   0.160;   6.649;       0;     0.0;    31.7
01.02.2024 15:03:00;    7.00;   0.732;   0.177;   6.449;       0;     0.0;    35.2
01.02.2024 15:04:00;    6.99;   0.733;   0.185;   6.626;       0;     0.0;    36.8
01.02.2024 15:05:00;    6.99;   0.734;   0.180;   6.422;       0;     0.0;    35.7
01.02.2024 15:06:00;    6.99;   0.735;   0.152;   7.116;       0;     0.0;    30.2
01.02.2024 15:07:00;    6.97;   0.736;   0.130;   7.535;       0;     0.0;    25.7
01.02.2024 15:08:00;    6.98;   0.737;   0.113;   4.763;       0;     0.0;    22.4
01.02.2024 15:09:00;    7.00;   0.737;   0.109;   1.327;       0;     0.0;    21.6
01.02.2024 15:10:00;    7.01;   0.735;   0.119;   0.414;       0;     0.0;    23.7
01.02.2024 15:11:00;    7.01;   0.734;   0.130;   1.253;       0;     0.0;    25.7
01.02.2024 15:12:00;    7.01;   0.734;   0.129;   0.976;       0;     0.0;    25.6
01.02.2024 15:13:00;    7.01;   0.733;   0.124;   2.188;       0;     0.0;    24.6
01.02.2024 15:14:00;    7.01;   0.732;   0.121;   1.543;       0;     0.0;    24.0
01.02.2024 15:15:00;    7.02;   0.732;   0.125;   2.658;       0;     0.0;    24.8
01.02.2024 15:16:00;    7.02;   0.731;   0.126;   0.835;       0;     0.0;    25.0
01.02.2024 15:17:00;    7.02;   0.730;   0.114;   1.430;       0;     0.0;    22.6
01.02.2024 15:18:00;    7.02;   0.730;   0.114;   2.683;       0;     0.0;    22.7
01.02.2024 15:19:00;    7.02;   0.730;   0.120;   2.281;       0;     0.0;    23.8
01.02.2024 15:20:00;    7.03;   0.729;   0.120;   2.434;       0;     0.0;    23.9
01.02.2024 15:21:00;    7.02;   0.728;   0.121;   1.839;       0;     0.0;    23.9
01.02.2024 15:22:00;    7.01;   0.728;   0.111;   2.302;       0;     0.0;    21.9
01.02.2024 15:23:00;    6.99;   0.728;   0.102;   1.915;       0;     0.0;    20.2
01.02.2024 15:24:00;    6.96;   0.729;   0.101;   1.627;       0;     0.0;    20.0
01.02.2024 15:25:00;    6.95;   0.730;   0.108;   1.073;       0;     0.0;    21.5
01.02.2024 15:26:00;    6.93;   0.730;   0.117;  -0.033;       0;     0.0;    23.2
01.02.2024 15:27:00;    6.90;   0.731;   0.120;   1.419;       0;     0.0;    23.9
01.02.2024 15:28:00;    6.88;   0.731;   0.122;   2.439;       0;     0.0;    24.2
01.02.2024 15:29:00;    6.86;   0.732;   0.122;   2.881;       0;     0.0;    24.1
01.02.2024 15:30:00;    6.85;   0.732;   0.130;   2.640;       0;     0.0;    25.8
01.02.2024 15:31:00;    6.82;   0.731;   0.133;   2.142;       0;     0.0;    26.4
01.02.2024 15:32:00;    6.78;   0.732;   0.130;   3.059;       0;     0.0;    25.7
01.02.2024 15:33:00;    6.74;   0.733;   0.130;   1.878;       0;     0.0;    25.7
01.02.2024 15:34:00;    6.72;   0.734;   0.135;   1.860;       0;     0.0;    26.9
01.02.2024 15:35:00;    6.70;   0.736;   0.149;   3.747;       0;     0.0;    29.5
01.02.2024 15:36:00;    6.69;   0.738;   0.153;   6.933;       0;     0.0;    30.4
01.02.2024 15:37:00;    6.69;   0.738;   0.141;   6.787;       0;     0.0;    27.9
01.02.2024 15:38:00;    6.67;   0.738;   0.132;   6.399;       0;     0.0;    26.1
01.02.2024 15:39:00;    6.66;   0.739;   0.108;   6.219;       0;     0.0;    21.4
01.02.2024 15:40:00;    6.64;   0.739;   0.088;   5.117;       0;     0.0;    17.4
01.02.2024 15:41:00;    6.64;   0.740;   0.085;   6.221;       0;     0.0;    17.0
01.02.2024 15:42:00;    6.64;   0.741;   0.087;   5.612;       0;     0.0;    17.2
01.02.2024 15:43:00;    6.64;   0.741;   0.082;   6.427;       0;     0.0;    16.2
01.02.2024 15:44:00;    6.67;   0.742;   0.073;   6.391;       0;     0.0;    14.5
01.02.2024 15:45:00;    6.66;   0.742;   0.061;   6.915;       0;     0.0;    12.1
01.02.2024 15:46:00;    6.68;   0.743;   0.056;   6.567;       0;     0.0;    11.1
01.02.2024 15:47:00;    6.69;   0.742;   0.053;   6.496;       0;     0.0;    10.4
01.02.2024 15:48:00;    6.69;   0.741;   0.049;   5.508;       0;     0.0;     9.7
01.02.2024 15:49:00;    6.69;   0.740;   0.047;   5.404;       0;     0.0;     9.4
01.02.2024 15:50:00;    6.67;   0.739;   0.047;   6.080;       0;     0.0;     9.4
01.02.2024 15:51:00;    6.65;   0.738;   0.046;   5.162;       0;     0.0;     9.2
01.02.2024 15:52:00;    6.63;   0.739;   0.046;   6.068;       0;     0.0;     9.1
01.02.2024 15:53:00;    6.62;   0.739;   0.047;   5.606;       0;     0.0;     9.2
01.02.2024 15:54:00;    6.61;   0.738;   0.045;   6.605;       0;     0.0;     8.9
01.02.2024 15:55:00;    6.60;   0.739;   0.041;   6.918;       0;     0.0;     8.1
01.02.2024 15:56:00;    6.59;   0.738;   0.036;   5.968;       0;     0.0;     7.1
01.02.2024 15:57:00;    6.56;   0.738;   0.031;   5.611;       0;     0.0;     6.1
01.02.2024 15:58:00;    6.51;   0.738;   0.027;   5.770;       0;     0.0;     5.4
01.02.2024 15:59:00;    6.48;   0.740;   0.025;   5.245;       0;     0.0;     5.0
01.02.2024 16:00:00;    6.47;   0.741;   0.024;   3.524;       0;     0.0;     4.7
01.02.2024 16:01:00;    6.43;   0.741;   0.022;   4.683;       0;     0.0;     4.4
01.02.2024 16:02:00;    6.40;   0.742;   0.021;   6.991;       0;     0.0;     4.2
01.02.2024 16:03:00;    6.36;   0.742;   0.020;   7.208;       0;     0.0;     3.9
01.02.2024 16:04:00;    6.31;   0.743;   0.017;   6.443;       0;     0.0;     3.4
01.02.2024 16:05:00;    6.29;   0.745;   0.014;   6.355;       0;     0.0;     2.8
01.02.2024 16:06:00;    6.27;   0.747;   0.012;   5.762;       0;     0.0;     2.4
01.02.2024 16:07:00;    6.26;   0.748;   0.010;   4.756;       0;     0.0;     2.1
01.02.2024 16:08:00;    6.25;   0.748;   0.008;   6.526;       0;     0.0;     1.7
01.02.2024 16:09:00;    6.24;   0.749;   0.007;   6.493;       0;     0.0;     1.4
01.02.2024 16:10:00;    6.26;   0.751;   0.006;   6.389;       0;     0.0;     1.3
01.02.2024 16:11:00;    6.27;   0.751;   0.006;   4.937;       0;     0.0;     1.2
01.02.2024 16:12:00;    6.28;   0.751;   0.006;   5.250;       0;     0.0;     1.1
01.02.2024 16:13:00;    6.29;   0.751;   0.006;   4.407;       0;     0.0;     1.2
01.02.2024 16:14:00;    6.33;   0.752;   0.006;   6.881;       0;     0.0;     1.2
01.02.2024 16:15:00;    6.36;   0.751;   0.005;   6.422;       0;     0.0;     1.1
01.02.2024 16:16:00;    6.36;   0.747;   0.004;   5.900;       0;     0.0;     0.7
01.02.2024 16:17:00;    6.36;   0.747;   0.002;   5.327;       0;     0.0;     0.4
01.02.2024 16:18:00;    6.35;   0.745;   0.000;   5.943;       0;     0.0;     0.0
01.02.2024 16:19:00;    6.33;   0.744;  -0.002;   6.012;       0;     0.0;    -0.5
01.02.2024 16:20:00;    6.31;   0.744;  -0.004;   5.380;       0;     0.0;    -0.8
01.02.2024 16:21:00;    6.30;   0.744;  -0.005;   5.287;       0;     0.0;    -1.1
01.02.2024 16:22:00;    6.27;   0.743;  -0.007;   4.602;       0;     0.0;    -1.4
01.02.2024 16:23:00;    6.22;   0.742;  -0.009;   4.264;       0;     0.0;    -1.8
01.02.2024 16:24:00;    6.18;   0.742;  -0.011;   5.626;       0;     0.0;    -2.1
01.02.2024 16:25:00;    6.16;   0.744;  -0.011;   5.136;       0;     0.0;    -2.3
01.02.2024 16:26:00;    6.15;   0.746;  -0.012;   3.545;       0;     0.0;    -2.3
01.02.2024 16:27:00;    6.14;   0.747;  -0.012;   5.251;       0;     0.0;    -2.3
01.02.2024 16:28:00;    6.12;   0.746;  -0.012;   5.617;       0;     0.0;    -2.4
01.02.2024 16:29:00;    6.07;   0.745;  -0.013;   4.277;       0;     0.0;    -2.6
01.02.2024 16:30:00;    6.03;   0.746;  -0.014;   3.691;       0;     0.0;    -2.7
01.02.2024 16:31:00;    6.01;   0.748;  -0.014;   3.875;       0;     0.0;    -2.8
01.02.2024 16:32:00;    5.97;   0.748;  -0.014;   3.290;       0;     0.0;    -2.9
01.02.2024 16:33:00;    5.96;   0.751;  -0.014;   4.155;       0;     0.0;    -2.7
01.02.2024 16:34:00;    5.95;   0.752;  -0.014;   5.105;       0;     0.0;    -2.7
01.02.2024 16:35:00;    5.94;   0.753;  -0.014;   5.357;       0;     0.0;    -2.7
01.02.2024 16:36:00;    5.95;   0.754;  -0.013;   4.271;       0;     0.0;    -2.7
01.02.2024 16:37:00;    5.95;   0.754;  -0.013;   5.073;       0;     0.0;    -2.6
01.02.2024 16:38:00;    5.95;   0.754;  -0.013;   4.309;       0;     0.0;    -2.6
01.02.2024 16:39:00;    5.94;   0.753;  -0.013;   3.668;       0;     0.0;    -2.6
01.02.2024 16:40:00;    5.94;   0.754;  -0.013;   4.069;       0;     0.0;    -2.6
01.02.2024 16:41:00;    5.94;   0.753;  -0.013;   4.719;       0;     0.0;    -2.6
01.02.2024 16:42:00;    5.93;   0.753;  -0.013;   4.625;       0;     0.0;    -2.6
01.02.2024 16:43:00;    5.92;   0.752;  -0.013;   3.734;       0;     0.0;    -2.6
01.02.2024 16:44:00;    5.89;   0.751;  -0.013;   4.034;       0;     0.0;    -2.6
01.02.2024 16:45:00;    5.85;   0.750;  -0.013;   4.573;       0;     0.0;    -2.6
01.02.2024 16:46:00;    5.81;   0.751;  -0.014;   4.815;       0;     0.0;    -2.7
01.02.2024 16:47:00;    5.76;   0.751;  -0.014;   3.959;       0;     0.0;    -2.7
01.02.2024 16:48:00;    5.67;   0.750;  -0.015;   4.089;       0;     0.0;    -2.9
01.02.2024 16:49:00;    5.57;   0.750;  -0.015;   5.331;       0;     0.0;    -3.1
01.02.2024 16:50:00;    5.49;   0.752;  -0.016;   5.627;       0;     0.0;    -3.2
01.02.2024 16:51:00;    5.42;   0.755;  -0.016;   5.348;       0;     0.0;    -3.2
01.02.2024 16:52:00;    5.35;   0.758;  -0.017;   5.776;       0;     0.0;    -3.3
01.02.2024 16:53:00;    5.28;   0.761;  -0.017;   4.115;       0;     0.0;    -3.3
01.02.2024 16:54:00;    5.25;   0.766;  -0.016;   4.458;       0;     0.0;    -3.3
01.02.2024 16:55:00;    5.22;   0.768;  -0.016;   4.145;       0;     0.0;    -3.2
01.02.2024 16:56:00;    5.18;   0.771;  -0.016;   3.918;       0;     0.0;    -3.2
01.02.2024 16:57:00;    5.20;   0.777;  -0.015;   4.793;       0;     0.0;    -2.9
01.02.2024 16:58:00;    5.20;   0.778;  -0.015;   5.760;       0;     0.0;    -2.9
01.02.2024 16:59:00;    5.19;   0.779;  -0.014;   5.438;       0;     0.0;    -2.8
01.02.2024 17:00:00;    5.19;   0.781;  -0.014;   4.983;       0;     0.0;    -2.7
01.02.2024 17:01:00;    5.19;   0.782;  -0.014;   4.425;       0;     0.0;    -2.7
01.02.2024 17:02:00;    5.18;   0.782;  -0.014;   4.532;       0;     0.0;    -2.7
01.02.2024 17:03:00;    5.17;   0.783;  -0.014;   5.629;       0;     0.0;    -2.7
01.02.2024 17:04:00;    5.17;   0.785;  -0.014;   5.209;       0;     0.0;    -2.7
01.02.2024 17:05:00;    5.18;   0.786;  -0.013;   4.158;       0;     0.0;    -2.7
01.02.2024 17:06:00;    5.17;   0.786;  -0.013;   3.788;       0;     0.0;    -2.7
01.02.2024 17:07:00;    5.15;   0.785;  -0.014;   5.025;       0;     0.0;    -2.7
01.02.2024 17:08:00;    5.15;   0.787;  -0.014;   5.348;       0;     0.0;    -2.7
01.02.2024 17:09:00;    5.18;   0.790;  -0.013;   5.113;       0;     0.0;    -2.6
01.02.2024 17:10:00;    5.21;   0.791;  -0.013;   6.689;       0;     0.0;    -2.5
01.02.2024 17:11:00;    5.21;   0.790;  -0.013;   5.748;       0;     0.0;    -2.5
01.02.2024 17:12:00;    5.20;   0.789;  -0.013;   5.448;       0;     0.0;    -2.5
01.02.2024 17:13:00;    5.18;   0.788;  -0.013;   5.410;       0;     0.0;    -2.5
01.02.2024 17:14:00;    5.15;   0.788;  -0.013;   5.671;       0;     0.0;    -2.6
01.02.2024 17:15:00;    5.11;   0.787;  -0.014;   5.953;       0;     0.0;    -2.7
01.02.2024 17:16:00;    5.08;   0.788;  -0.014;   6.082;       0;     0.0;    -2.7
01.02.2024 17:17:00;    5.07;   0.790;  -0.014;   5.777;       0;     0.0;    -2.7
01.02.2024 17:18:00;    5.07;   0.792;  -0.013;   6.563;       0;     0.0;    -2.6
01.02.2024 17:19:00;    5.07;   0.794;  -0.013;   6.033;       0;     0.0;    -2.6
01.02.2024 17:20:00;    5.08;   0.796;  -0.013;   5.671;       0;     0.0;    -2.5
01.02.2024 17:21:00;    5.10;   0.797;  -0.012;   5.352;       0;     0.0;    -2.4
01.02.2024 17:22:00;    5.11;   0.797;  -0.012;   6.010;       0;     0.0;    -2.4
01.02.2024 17:23:00;    5.13;   0.798;  -0.012;   5.027;       0;     0.0;    -2.4
01.02.2024 17:24:00;    5.16;   0.800;  -0.012;   5.737;       0;     0.0;    -2.3
01.02.2024 17:25:00;    5.19;   0.800;  -0.011;   5.916;       0;     0.0;    -2.3
01.02.2024 17:26:00;    5.22;   0.801;  -0.011;   6.367;       0;     0.0;    -2.2
01.02.2024 17:27:00;    5.24;   0.800;  -0.011;   6.843;       0;     0.0;    -2.2
01.02.2024 17:28:00;    5.23;   0.797;  -0.011;   6.189;       0;     0.0;    -2.2
01.02.2024 17:29:00;    5.19;   0.795;  -0.012;   5.186;       0;     0.0;    -2.4
01.02.2024 17:30:00;    5.14;   0.793;  -0.013;   4.926;       0;     0.0;    -2.5
01.02.2024 17:31:00;    5.10;   0.793;  -0.013;   4.651;       0;     0.0;    -2.6
01.02.2024 17:32:00;    5.10;   0.796;  -0.013;   6.104;       0;     0.0;    -2.6
01.02.2024 17:33:00;    5.08;   0.796;  -0.013;   5.726;       0;     0.0;    -2.6
01.02.2024 17:34:00;    5.07;   0.797;  -0.013;   6.493;       0;     0.0;    -2.6
01.02.2024 17:35:00;    5.04;   0.796;  -0.013;   6.003;       0;     0.0;    -2.6
01.02.2024 17:36:00;    4.98;   0.795;  -0.013;   6.090;       0;     0.0;    -2.6
01.02.2024 17:37:00;    4.95;   0.797;  -0.013;   6.197;       0;     0.0;    -2.6
01.02.2024 17:38:00;    4.93;   0.798;  -0.014;   7.074;       0;     0.0;    -2.7
01.02.2024 17:39:00;    4.92;   0.800;  -0.013;   6.102;       0;     0.0;    -2.6
01.02.2024 17:40:00;    4.90;   0.801;  -0.013;   5.662;       0;     0.0;    -2.6
01.02.2024 17:41:00;    4.91;   0.804;  -0.013;   5.974;       0;     0.0;    -2.5
01.02.2024 17:42:00;    4.93;   0.805;  -0.012;   5.906;       0;     0.0;    -2.4
01.02.2024 17:43:00;    4.98;   0.809;  -0.011;   6.685;       0;     0.0;    -2.2
01.02.2024 17:44:00;    4.98;   0.807;  -0.011;   6.889;       0;     0.0;    -2.2
01.02.2024 17:45:00;    4.98;   0.807;  -0.011;   6.931;       0;     0.0;    -2.3
01.02.2024 17:46:00;    4.98;   0.807;  -0.011;   6.823;       0;     0.0;    -2.3
01.02.2024 17:47:00;    5.07;   0.813;  -0.010;   6.176;       0;     0.0;    -2.0
01.02.2024 17:48:00;    5.13;   0.812;  -0.010;   5.967;       0;     0.0;    -2.0
01.02.2024 17:49:00;    5.11;   0.807;  -0.010;   4.825;       0;     0.0;    -2.1
01.02.2024 17:50:00;    5.08;   0.805;  -0.011;   5.421;       0;     0.0;    -2.2
01.02.2024 17:51:00;    5.06;   0.804;  -0.011;   4.790;       0;     0.0;    -2.3
01.02.2024 17:52:00;    5.04;   0.803;  -0.012;   5.519;       0;     0.0;    -2.3
01.02.2024 17:53:00;    5.01;   0.803;  -0.012;   5.271;       0;     0.0;    -2.3
01.02.2024 17:54:00;    4.99;   0.803;  -0.012;   6.193;       0;     0.0;    -2.4
01.02.2024 17:55:00;    5.01;   0.806;  -0.012;   5.531;       0;     0.0;    -2.4
01.02.2024 17:56:00;    5.01;   0.806;  -0.012;   4.611;       0;     0.0;    -2.4
01.02.2024 17:57:00;    5.00;   0.805;  -0.012;   6.060;       0;     0.0;    -2.4
01.02.2024 17:58:00;    4.99;   0.805;  -0.012;   5.619;       0;     0.0;    -2.4
01.02.2024 17:59:00;    4.95;   0.803;  -0.012;   6.139;       0;     0.0;    -2.5
01.02.2024 18:00:00;    4.93;   0.804;  -0.012;   5.459;       0;     0.0;    -2.5
01.02.2024 18:01:00;    4.91;   0.804;  -0.012;   5.511;       0;     0.0;    -2.4
01.02.2024 18:02:00;    4.96;   0.810;  -0.012;   6.094;       0;     0.0;    -2.3
01.02.2024 18:03:00;    5.00;   0.810;  -0.011;   6.935;       0;     0.0;    -2.1
01.02.2024 18:04:00;    5.03;   0.811;  -0.010;   6.037;       0;     0.0;    -2.0
01.02.2024 18:05:00;    5.10;   0.813;  -0.009;   7.218;       0;     0.0;    -1.8
01.02.2024 18:06:00;    5.20;   0.815;  -0.007;   5.514;       0;     0.0;    -1.5
01.02.2024 18:07:00;    5.30;   0.816;  -0.006;   3.646;       0;     0.0;    -1.1
01.02.2024 18:08:00;    5.36;   0.811;  -0.005;   3.071;       0;     0.0;    -0.9
01.02.2024 18:09:00;    5.37;   0.807;  -0.005;   2.595;       0;     0.0;    -0.9
01.02.2024 18:10:00;    5.36;   0.802;  -0.005;   2.895;       0;     0.0;    -1.0
01.02.2024 18:11:00;    5.33;   0.800;  -0.005;   1.978;       0;     0.0;    -1.1
01.02.2024 18:12:00;    5.30;   0.798;  -0.006;   3.154;       0;     0.0;    -1.3
01.02.2024 18:13:00;    5.27;   0.797;  -0.007;   3.524;       0;     0.0;    -1.4
01.02.2024 18:14:00;    5.25;   0.797;  -0.008;   3.700;       0;     0.0;    -1.5
01.02.2024 18:15:00;    5.21;   0.796;  -0.008;   3.238;       0;     0.0;    -1.7
01.02.2024 18:16:00;    5.16;   0.796;  -0.009;   2.962;       0;     0.0;    -1.8
01.02.2024 18:17:00;    5.09;   0.795;  -0.010;   3.242;       0;     0.0;    -2.0
01.02.2024 18:18:00;    5.04;   0.796;  -0.010;   3.756;       0;     0.0;    -2.1
01.02.2024 18:19:00;    5.02;   0.799;  -0.010;   4.201;       0;     0.0;    -2.0
01.02.2024 18:20:00;    5.03;   0.802;  -0.010;   4.608;       0;     0.0;    -2.0
01.02.2024 18:21:00;    5.06;   0.805;  -0.010;   3.260;       0;     0.0;    -1.9
01.02.2024 18:22:00;    5.05;   0.804;  -0.010;   3.787;       0;     0.0;    -2.0
01.02.2024 18:23:00;    5.02;   0.803;  -0.011;   3.997;       0;     0.0;    -2.1
01.02.2024 18:24:00;    5.00;   0.804;  -0.011;   4.153;       0;     0.0;    -2.2
01.02.2024 18:25:00;    4.98;   0.803;  -0.011;   3.396;       0;     0.0;    -2.3
01.02.2024 18:26:00;    4.96;   0.803;  -0.011;   3.261;       0;     0.0;    -2.3
01.02.2024 18:27:00;    4.91;   0.802;  -0.012;   3.308;       0;     0.0;    -2.4
01.02.2024 18:28:00;    4.85;   0.801;  -0.013;   3.464;       0;     0.0;    -2.5
01.02.2024 18:29:00;    4.79;   0.801;  -0.013;   4.263;       0;     0.0;    -2.6
01.02.2024 18:30:00;    4.78;   0.805;  -0.013;   5.155;       0;     0.0;    -2.5
01.02.2024 18:31:00;    4.73;   0.804;  -0.013;   4.287;       0;     0.0;    -2.6
01.02.2024 18:32:00;    4.70;   0.807;  -0.013;   3.495;       0;     0.0;    -2.5
01.02.2024 18:33:00;    4.69;   0.809;  -0.013;   4.189;       0;     0.0;    -2.5
01.02.2024 18:34:00;    4.75;   0.816;  -0.012;   3.591;       0;     0.0;    -2.3
01.02.2024 18:35:00;    4.80;   0.817;  -0.011;   2.905;       0;     0.0;    -2.2
01.02.2024 18:36:00;    4.81;   0.815;  -0.011;   2.950;       0;     0.0;    -2.1
01.02.2024 18:37:00;    4.82;   0.816;  -0.011;   1.591;       0;     0.0;    -2.2
01.02.2024 18:38:00;    4.85;   0.817;  -0.010;   0.508;       0;     0.0;    -2.0
01.02.2024 18:39:00;    4.81;   0.812;  -0.011;   0.394;       0;     0.0;    -2.2
01.02.2024 18:40:00;    4.76;   0.812;  -0.012;   0.185;       0;     0.0;    -2.3
01.02.2024 18:41:00;    4.81;   0.817;  -0.011;  -0.172;       0;     0.0;    -2.2
01.02.2024 18:42:00;    4.77;   0.813;  -0.011;  -0.644;       0;     0.0;    -2.2
01.02.2024 18:43:00;    4.72;   0.811;  -0.012;  -1.538;       0;     0.0;    -2.4
01.02.2024 18:44:00;    4.68;   0.812;  -0.012;  -0.615;       0;     0.0;    -2.5
01.02.2024 18:45:00;    4.63;   0.812;  -0.013;  -0.109;       0;     0.0;    -2.5
01.02.2024 18:46:00;    4.62;   0.815;  -0.013;   0.112;       0;     0.0;    -2.5
01.02.2024 18:47:00;    4.63;   0.817;  -0.012;  -0.456;       0;     0.0;    -2.4
01.02.2024 18:48:00;    4.62;   0.818;  -0.012;   0.155;       0;     0.0;    -2.4
01.02.2024 18:49:00;    4.60;   0.818;  -0.012;  -0.562;       0;     0.0;    -2.4
01.02.2024 18:50:00;    4.56;   0.817;  -0.012;   1.109;       0;     0.0;    -2.5
01.02.2024 18:51:00;    4.51;   0.816;  -0.013;   1.145;       0;     0.0;    -2.6
01.02.2024 18:52:00;    4.48;   0.818;  -0.013;  -0.195;       0;     0.0;    -2.6
01.02.2024 18:53:00;    4.42;   0.817;  -0.013;   0.638;       0;     0.0;    -2.6
01.02.2024 18:54:00;    4.35;   0.817;  -0.014;   0.014;       0;     0.0;    -2.8
01.02.2024 18:55:00;    4.33;   0.820;  -0.014;   0.512;       0;     0.0;    -2.7
01.02.2024 18:56:00;    4.34;   0.825;  -0.013;   0.637;       0;     0.0;    -2.6
01.02.2024 18:57:00;    4.36;   0.827;  -0.012;   1.155;       0;     0.0;    -2.5
01.02.2024 18:58:00;    4.43;   0.832;  -0.011;   4.660;       0;     0.0;    -2.3
01.02.2024 18:59:00;    4.47;   0.833;  -0.011;   3.208;       0;     0.0;    -2.1
01.02.2024 19:00:00;    4.50;   0.832;  -0.011;   4.313;       0;     0.0;    -2.1
01.02.2024 19:01:00;    4.50;   0.831;  -0.011;   4.072;       0;     0.0;    -2.2
01.02.2024 19:02:00;    4.51;   0.830;  -0.011;   3.427;       0;     0.0;    -2.3
01.02.2024 19:03:00;    4.53;   0.832;  -0.011;   4.202;       0;     0.0;    -2.2
01.02.2024 19:04:00;    4.57;   0.833;  -0.011;   4.930;       0;     0.0;    -2.1
01.02.2024 19:05:00;    4.57;   0.831;  -0.011;   4.584;       0;     0.0;    -2.1
01.02.2024 19:06:00;    4.56;   0.830;  -0.011;   4.681;       0;     0.0;    -2.1
01.02.2024 19:07:00;    4.53;   0.828;  -0.011;   4.164;       0;     0.0;    -2.2
01.02.2024 19:08:00;    4.52;   0.830;  -0.011;   4.541;       0;     0.0;    -2.3
01.02.2024 19:09:00;    4.52;   0.831;  -0.011;   4.390;       0;     0.0;    -2.2
01.02.2024 19:10:00;    4.51;   0.830;  -0.011;   4.407;       0;     0.0;    -2.3
01.02.2024 19:11:00;    4.53;   0.832;  -0.011;   4.748;       0;     0.0;    -2.2
01.02.2024 19:12:00;    4.52;   0.831;  -0.011;   4.859;       0;     0.0;    -2.2
01.02.2024 19:13:00;    4.50;   0.830;  -0.012;   3.290;       0;     0.0;    -2.3
01.02.2024 19:14:00;    4.49;   0.831;  -0.012;   3.397;       0;     0.0;    -2.3
01.02.2024 19:15:00;    4.48;   0.831;  -0.011;   3.714;       0;     0.0;    -2.3
01.02.2024 19:16:00;    4.44;   0.830;  -0.012;   3.759;       0;     0.0;    -2.4
01.02.2024 19:17:00;    4.43;   0.832;  -0.012;   4.270;       0;     0.0;    -2.3
01.02.2024 19:18:00;    4.42;   0.832;  -0.012;   3.977;       0;     0.0;    -2.3
01.02.2024 19:19:00;    4.40;   0.832;  -0.012;   3.015;       0;     0.0;    -2.3
01.02.2024 19:20:00;    4.45;   0.837;  -0.011;   4.354;       0;     0.0;    -2.2
01.02.2024 19:21:00;    4.52;   0.840;  -0.010;   4.514;       0;     0.0;    -2.0
01.02.2024 19:22:00;    4.52;   0.837;  -0.010;   4.068;       0;     0.0;    -2.0
01.02.2024 19:23:00;    4.50;   0.835;  -0.011;   4.270;       0;     0.0;    -2.1
01.02.2024 19:24:00;    4.48;   0.833;  -0.011;   4.200;       0;     0.0;    -2.2
01.02.2024 19:25:00;    4.42;   0.831;  -0.012;   3.477;       0;     0.0;    -2.4
01.02.2024 19:26:00;    4.37;   0.830;  -0.013;   3.164;       0;     0.0;    -2.5
01.02.2024 19:27:00;    4.37;   0.834;  -0.013;   3.687;       0;     0.0;    -2.5
01.02.2024 19:28:00;    4.36;   0.835;  -0.013;   3.559;       0;     0.0;    -2.5
01.02.2024 19:29:00;    4.37;   0.836;  -0.013;   3.970;       0;     0.0;    -2.5
01.02.2024 19:30:00;    4.41;   0.840;  -0.012;   4.451;       0;     0.0;    -2.4
01.02.2024 19:31:00;    4.45;   0.840;  -0.011;   2.945;       0;     0.0;    -2.2
01.02.2024 19:32:00;    4.43;   0.838;  -0.011;   3.972;       0;     0.0;    -2.2
01.02.2024 19:33:00;    4.41;   0.837;  -0.012;   2.817;       0;     0.0;    -2.3
01.02.2024 19:34:00;    4.44;   0.840;  -0.012;   4.079;       0;     0.0;    -2.3
01.02.2024 19:35:00;    4.48;   0.841;  -0.011;   2.506;       0;     0.0;    -2.2
01.02.2024 19:36:00;    4.56;   0.846;  -0.010;   5.076;       0;     0.0;    -2.0
01.02.2024 19:37:00;    4.70;   0.851;  -0.008;   5.595;       0;     0.0;    -1.7
01.02.2024 19:38:00;    4.78;   0.848;  -0.008;   5.300;       0;     0.0;    -1.5
01.02.2024 19:39:00;    4.85;   0.847;  -0.008;   4.674;       0;     0.0;    -1.5
01.02.2024 19:40:00;    4.90;   0.844;  -0.008;   4.248;       0;     0.0;    -1.5
01.02.2024 19:41:00;    4.93;   0.843;  -0.008;   5.820;       0;     0.0;    -1.5
01.02.2024 19:42:00;    4.97;   0.841;  -0.008;   4.327;       0;     0.0;    -1.5
01.02.2024 19:43:00;    4.97;   0.838;  -0.008;   3.598;       0;     0.0;    -1.6
01.02.2024 19:44:00;    4.98;   0.836;  -0.009;   3.459;       0;     0.0;    -1.7
01.02.2024 19:45:00;    4.98;   0.834;  -0.009;   4.200;       0;     0.0;    -1.8
01.02.2024 19:46:00;    4.99;   0.835;  -0.009;   3.431;       0;     0.0;    -1.8
01.02.2024 19:47:00;    5.02;   0.835;  -0.009;   4.777;       0;     0.0;    -1.8
01.02.2024 19:48:00;    5.06;   0.836;  -0.009;   6.709;       0;     0.0;    -1.8
01.02.2024 19:49:00;    5.11;   0.836;  -0.009;   7.271;       0;     0.0;    -1.7
01.02.2024 19:50:00;    5.15;   0.835;  -0.008;   5.783;       0;     0.0;    -1.7
01.02.2024 19:51:00;    5.19;   0.834;  -0.008;   5.732;       0;     0.0;    -1.7
01.02.2024 19:52:00;    5.21;   0.832;  -0.008;   5.952;       0;     0.0;    -1.7
01.02.2024 19:53:00;    5.22;   0.830;  -0.009;   4.999;       0;     0.0;    -1.8
01.02.2024 19:54:00;    5.23;   0.828;  -0.009;   3.800;       0;     0.0;    -1.8
01.02.2024 19:55:00;    5.22;   0.826;  -0.009;   5.301;       0;     0.0;    -1.8
01.02.2024 19:56:00;    5.20;   0.823;  -0.010;   5.420;       0;     0.0;    -1.9
01.02.2024 19:57:00;    5.15;   0.821;  -0.010;   5.233;       0;     0.0;    -2.0
01.02.2024 19:58:00;    5.13;   0.821;  -0.011;   5.535;       0;     0.0;    -2.1
01.02.2024 19:59:00;    5.10;   0.820;  -0.011;   5.218;       0;     0.0;    -2.1
01.02.2024 20:00:00;    5.09;   0.821;  -0.010;   4.070;       0;     0.0;    -2.1
01.02.2024 20:01:00;    5.09;   0.822;  -0.010;   5.001;       0;     0.0;    -2.0
01.02.2024 20:02:00;    5.04;   0.819;  -0.010;   5.354;       0;     0.0;    -2.1
01.02.2024 20:03:00;    4.96;   0.815;  -0.011;   5.091;       0;     0.0;    -2.2
01.02.2024 20:04:00;    4.89;   0.816;  -0.012;   4.451;       0;     0.0;    -2.3
01.02.2024 20:05:00;    4.87;   0.819;  -0.012;   4.430;       0;     0.0;    -2.4
01.02.2024 20:06:00;    4.85;   0.820;  -0.011;   4.367;       0;     0.0;    -2.3
01.02.2024 20:07:00;    4.79;   0.819;  -0.012;   4.456;       0;     0.0;    -2.4
01.02.2024 20:08:00;    4.73;   0.818;  -0.012;   4.708;       0;     0.0;    -2.4
01.02.2024 20:09:00;    4.67;   0.819;  -0.012;   4.038;       0;     0.0;    -2.5
01.02.2024 20:10:00;    4.64;   0.821;  -0.012;   3.080;       0;     0.0;    -2.4
01.02.2024 20:11:00;    4.62;   0.823;  -0.012;   5.117;       0;     0.0;    -2.4
01.02.2024 20:12:00;    4.62;   0.826;  -0.012;   4.626;       0;     0.0;    -2.4
01.02.2024 20:13:00;    4.61;   0.827;  -0.011;   3.769;       0;     0.0;    -2.3
01.02.2024 20:14:00;    4.54;   0.823;  -0.012;   5.212;       0;     0.0;    -2.4
01.02.2024 20:15:00;    4.42;   0.819;  -0.014;   4.330;       0;     0.0;    -2.7
01.02.2024 20:16:00;    4.34;   0.821;  -0.014;   4.214;       0;     0.0;    -2.8
01.02.2024 20:17:00;    4.26;   0.822;  -0.014;   5.017;       0;     0.0;    -2.9
01.02.2024 20:18:00;    4.19;   0.824;  -0.015;   5.865;       0;     0.0;    -2.9
01.02.2024 20:19:00;    4.12;   0.825;  -0.015;   5.166;       0;     0.0;    -2.9
01.02.2024 20:20:00;    4.09;   0.829;  -0.014;   4.663;       0;     0.0;    -2.8
01.02.2024 20:21:00;    4.04;   0.830;  -0.014;   5.465;       0;     0.0;    -2.8
01.02.2024 20:22:00;    4.02;   0.833;  -0.014;   5.058;       0;     0.0;    -2.8
01.02.2024 20:23:00;    4.04;   0.837;  -0.014;   6.087;       0;     0.0;    -2.7
01.02.2024 20:24:00;    4.05;   0.839;  -0.013;   5.823;       0;     0.0;    -2.6
01.02.2024 20:25:00;    4.05;   0.840;  -0.013;   4.884;       0;     0.0;    -2.6
01.02.2024 20:26:00;    4.02;   0.839;  -0.013;   4.690;       0;     0.0;    -2.6
01.02.2024 20:27:00;    3.94;   0.836;  -0.014;   5.716;       0;     0.0;    -2.7
01.02.2024 20:28:00;    3.89;   0.837;  -0.014;   4.888;       0;     0.0;    -2.8
01.02.2024 20:29:00;    3.84;   0.838;  -0.014;   4.760;       0;     0.0;    -2.8
01.02.2024 20:30:00;    3.80;   0.839;  -0.014;   4.581;       0;     0.0;    -2.9
01.02.2024 20:31:00;    3.74;   0.839;  -0.015;   4.183;       0;     0.0;    -2.9
01.02.2024 20:32:00;    3.70;   0.841;  -0.015;   5.444;       0;     0.0;    -2.9
01.02.2024 20:33:00;    3.63;   0.840;  -0.015;   3.865;       0;     0.0;    -3.0
01.02.2024 20:34:00;    3.57;   0.841;  -0.015;   5.409;       0;     0.0;    -3.0
01.02.2024 20:35:00;    3.51;   0.842;  -0.015;   4.207;       0;     0.0;    -2.9
01.02.2024 20:36:00;    3.46;   0.843;  -0.015;   4.464;       0;     0.0;    -2.9
01.02.2024 20:37:00;    3.38;   0.843;  -0.015;   3.524;       0;     0.0;    -3.0
01.02.2024 20:38:00;    3.32;   0.845;  -0.015;   3.892;       0;     0.0;    -3.0
01.02.2024 20:39:00;    3.28;   0.847;  -0.015;   3.424;       0;     0.0;    -3.0
01.02.2024 20:40:00;    3.25;   0.849;  -0.015;   3.195;       0;     0.0;    -3.0
01.02.2024 20:41:00;    3.22;   0.851;  -0.015;   4.106;       0;     0.0;    -2.9
01.02.2024 20:42:00;    3.20;   0.853;  -0.015;   4.239;       0;     0.0;    -2.9
01.02.2024 20:43:00;    3.20;   0.855;  -0.014;   4.367;       0;     0.0;    -2.8
01.02.2024 20:44:00;    3.20;   0.858;  -0.014;   5.000;       0;     0.0;    -2.8
01.02.2024 20:45:00;    3.21;   0.860;  -0.014;   3.771;       0;     0.0;    -2.7
01.02.2024 20:46:00;    3.25;   0.863;  -0.013;   4.145;       0;     0.0;    -2.6
01.02.2024 20:47:00;    3.29;   0.865;  -0.012;   4.511;       0;     0.0;    -2.5
01.02.2024 20:48:00;    3.31;   0.865;  -0.013;   4.418;       0;     0.0;    -2.5
01.02.2024 20:49:00;    3.36;   0.868;  -0.012;   5.257;       0;     0.0;    -2.4
01.02.2024 20:50:00;    3.42;   0.869;  -0.012;   4.452;       0;     0.0;    -2.3
01.02.2024 20:51:00;    3.48;   0.871;  -0.011;   4.492;       0;     0.0;    -2.2
01.02.2024 20:52:00;    3.54;   0.872;  -0.011;   5.212;       0;     0.0;    -2.1
01.02.2024 20:53:00;    3.62;   0.875;  -0.010;   5.734;       0;     0.0;    -1.9
01.02.2024 20:54:00;    3.68;   0.874;  -0.009;   5.481;       0;     0.0;    -1.8
01.02.2024 20:55:00;    3.72;   0.873;  -0.009;   4.766;       0;     0.0;    -1.8
01.02.2024 20:56:00;    3.81;   0.876;  -0.008;   4.362;       0;     0.0;    -1.7
01.02.2024 20:57:00;    3.87;   0.875;  -0.008;   5.631;       0;     0.0;    -1.6
01.02.2024 20:58:00;    3.89;   0.872;  -0.009;   5.216;       0;     0.0;    -1.7
01.02.2024 20:59:00;    3.88;   0.869;  -0.009;   6.007;       0;     0.0;    -1.8
01.02.2024 21:00:00;    3.85;   0.867;  -0.010;   4.503;       0;     0.0;    -2.0
01.02.2024 21:01:00;    3.81;   0.865;  -0.011;   4.182;       0;     0.0;    -2.2
01.02.2024 21:02:00;    3.79;   0.866;  -0.011;   5.186;       0;     0.0;    -2.3
01.02.2024 21:03:00;    3.79;   0.868;  -0.011;   5.104;       0;     0.0;    -2.3
01.02.2024 21:04:00;    3.76;   0.865;  -0.011;   4.806;       0;     0.0;    -2.2
01.02.2024 21:05:00;    3.68;   0.862;  -0.012;   4.731;       0;     0.0;    -2.4
01.02.2024 21:06:00;    3.61;   0.861;  -0.013;   5.255;       0;     0.0;    -2.5
01.02.2024 21:07:00;    3.50;   0.858;  -0.014;   3.255;       0;     0.0;    -2.7
01.02.2024 21:08:00;    3.43;   0.860;  -0.015;   4.191;       0;     0.0;    -2.9
01.02.2024 21:09:00;    3.36;   0.860;  -0.015;   4.744;       0;     0.0;    -2.9
01.02.2024 21:10:00;    3.25;   0.857;  -0.015;   4.483;       0;     0.0;    -3.0
01.02.2024 21:11:00;    3.19;   0.861;  -0.015;   4.075;       0;     0.0;    -3.0
01.02.2024 21:12:00;    3.21;   0.867;  -0.015;   4.786;       0;     0.0;    -2.9
01.02.2024 21:13:00;    3.19;   0.867;  -0.014;   4.394;       0;     0.0;    -2.8
01.02.2024 21:14:00;    3.11;   0.863;  -0.014;   3.937;       0;     0.0;    -2.8
01.02.2024 21:15:00;    3.04;   0.863;  -0.015;   3.715;       0;     0.0;    -2.9
01.02.2024 21:16:00;    3.02;   0.867;  -0.014;   2.567;       0;     0.0;    -2.8
01.02.2024 21:17:00;    3.06;   0.871;  -0.013;   3.868;       0;     0.0;    -2.6
01.02.2024 21:18:00;    3.11;   0.875;  -0.012;   3.631;       0;     0.0;    -2.4
01.02.2024 21:19:00;    3.14;   0.875;  -0.012;   3.997;       0;     0.0;    -2.4
01.02.2024 21:20:00;    3.19;   0.877;  -0.011;   3.625;       0;     0.0;    -2.3
01.02.2024 21:21:00;    3.25;   0.879;  -0.011;   4.459;       0;     0.0;    -2.2
01.02.2024 21:22:00;    3.33;   0.881;  -0.010;   4.645;       0;     0.0;    -2.0
01.02.2024 21:23:00;    3.35;   0.878;  -0.010;   5.322;       0;     0.0;    -1.9
01.02.2024 21:24:00;    3.34;   0.875;  -0.010;   4.628;       0;     0.0;    -2.0
01.02.2024 21:25:00;    3.37;   0.877;  -0.010;   4.020;       0;     0.0;    -1.9
01.02.2024 21:26:00;    3.38;   0.876;  -0.009;   4.352;       0;     0.0;    -1.8
01.02.2024 21:27:00;    3.42;   0.878;  -0.008;   5.020;       0;     0.0;    -1.7
01.02.2024 21:28:00;    3.44;   0.877;  -0.008;   4.917;       0;     0.0;    -1.5
01.02.2024 21:29:00;    3.45;   0.877;  -0.007;   5.084;       0;     0.0;    -1.4
01.02.2024 21:30:00;    3.52;   0.880;  -0.007;   5.107;       0;     0.0;    -1.4
01.02.2024 21:31:00;    3.60;   0.883;  -0.006;   5.684;       0;     0.0;    -1.3
01.02.2024 21:32:00;    3.67;   0.883;  -0.006;   5.115;       0;     0.0;    -1.2
01.02.2024 21:33:00;    3.76;   0.884;  -0.006;   6.332;       0;     0.0;    -1.2
01.02.2024 21:34:00;    3.87;   0.887;  -0.006;   5.335;       0;     0.0;    -1.2
01.02.2024 21:35:00;    3.95;   0.885;  -0.006;   5.729;       0;     0.0;    -1.2
01.02.2024 21:36:00;    3.98;   0.881;  -0.007;   4.870;       0;     0.0;    -1.3
01.02.2024 21:37:00;    3.97;   0.877;  -0.007;   4.938;       0;     0.0;    -1.5
01.02.2024 21:38:00;    3.95;   0.874;  -0.008;   5.514;       0;     0.0;    -1.5
01.02.2024 21:39:00;    3.94;   0.873;  -0.008;   5.667;       0;     0.0;    -1.6
01.02.2024 21:40:00;    3.93;   0.874;  -0.008;   5.157;       0;     0.0;    -1.5
01.02.2024 21:41:00;    3.92;   0.873;  -0.008;   4.773;       0;     0.0;    -1.6
01.02.2024 21:42:00;    3.90;   0.872;  -0.008;   4.317;       0;     0.0;    -1.7
01.02.2024 21:43:00;    3.89;   0.872;  -0.009;   5.413;       0;     0.0;    -1.8
01.02.2024 21:44:00;    3.95;   0.877;  -0.008;   5.056;       0;     0.0;    -1.6
01.02.2024 21:45:00;    4.01;   0.878;  -0.008;   4.957;       0;     0.0;    -1.5
01.02.2024 21:46:00;    4.04;   0.877;  -0.008;   4.399;       0;     0.0;    -1.5
01.02.2024 21:47:00;    4.05;   0.875;  -0.008;   3.721;       0;     0.0;    -1.5
01.02.2024 21:48:00;    4.08;   0.876;  -0.008;   5.692;       0;     0.0;    -1.5
01.02.2024 21:49:00;    4.10;   0.875;  -0.008;   4.962;       0;     0.0;    -1.5
01.02.2024 21:50:00;    4.08;   0.872;  -0.008;   4.395;       0;     0.0;    -1.6
01.02.2024 21:51:00;    4.06;   0.870;  -0.008;   5.678;       0;     0.0;    -1.7
01.02.2024 21:52:00;    4.10;   0.875;  -0.008;   7.594;       0;     0.0;    -1.6
01.02.2024 21:53:00;    4.16;   0.876;  -0.008;   6.683;       0;     0.0;    -1.5
01.02.2024 21:54:00;    4.16;   0.873;  -0.008;   7.338;       0;     0.0;    -1.6
01.02.2024 21:55:00;    4.16;   0.872;  -0.008;   6.438;       0;     0.0;    -1.7
01.02.2024 21:56:00;    4.15;   0.870;  -0.009;   6.412;       0;     0.0;    -1.7
01.02.2024 21:57:00;    4.13;   0.869;  -0.009;   7.070;       0;     0.0;    -1.8
01.02.2024 21:58:00;    4.11;   0.869;  -0.009;   6.668;       0;     0.0;    -1.8
01.02.2024 21:59:00;    4.12;   0.869;  -0.009;   6.832;       0;     0.0;    -1.8
01.02.2024 22:00:00;    4.11;   0.869;  -0.009;   6.341;       0;     0.0;    -1.8
01.02.2024 22:01:00;    4.11;   0.869;  -0.009;   5.749;       0;     0.0;    -1.8
01.02.2024 22:02:00;    4.10;   0.869;  -0.009;   6.404;       0;     0.0;    -1.8
01.02.2024 22:03:00;    4.12;   0.870;  -0.009;   5.917;       0;     0.0;    -1.8
01.02.2024 22:04:00;    4.17;   0.873;  -0.008;   6.408;       0;     0.0;    -1.7
01.02.2024 22:05:00;    4.23;   0.874;  -0.008;   6.634;       0;     0.0;    -1.5
01.02.2024 22:06:00;    4.27;   0.873;  -0.007;   5.732;       0;     0.0;    -1.4
01.02.2024 22:07:00;    4.27;   0.870;  -0.007;   6.786;       0;     0.0;    -1.5
01.02.2024 22:08:00;    4.26;   0.868;  -0.008;   6.801;       0;     0.0;    -1.6
01.02.2024 22:09:00;    4.27;   0.869;  -0.008;   6.849;       0;     0.0;    -1.6
01.02.2024 22:10:00;    4.29;   0.870;  -0.008;   7.458;       0;     0.0;    -1.6
01.02.2024 22:11:00;    4.33;   0.870;  -0.008;   6.690;       0;     0.0;    -1.5
01.02.2024 22:12:00;    4.36;   0.870;  -0.007;   7.655;       0;     0.0;    -1.4
01.02.2024 22:13:00;    4.37;   0.868;  -0.007;   8.018;       0;     0.0;    -1.4
01.02.2024 22:14:00;    4.38;   0.868;  -0.007;   8.100;       0;     0.0;    -1.4
01.02.2024 22:15:00;    4.36;   0.866;  -0.008;   7.863;       0;     0.0;    -1.5
01.02.2024 22:16:00;    4.35;   0.865;  -0.008;   8.336;       0;     0.0;    -1.7
01.02.2024 22:17:00;    4.35;   0.865;  -0.009;   7.854;       0;     0.0;    -1.7
01.02.2024 22:18:00;    4.35;   0.864;  -0.009;   7.822;       0;     0.0;    -1.8
01.02.2024 22:19:00;    4.32;   0.863;  -0.009;   7.223;       0;     0.0;    -1.8
01.02.2024 22:20:00;    4.29;   0.861;  -0.009;   7.695;       0;     0.0;    -1.8
01.02.2024 22:21:00;    4.28;   0.862;  -0.009;   6.962;       0;     0.0;    -1.8
01.02.2024 22:22:00;    4.28;   0.863;  -0.009;   7.197;       0;     0.0;    -1.8
01.02.2024 22:23:00;    4.30;   0.865;  -0.009;   7.285;       0;     0.0;    -1.8
01.02.2024 22:24:00;    4.28;   0.862;  -0.009;   5.876;       0;     0.0;    -1.8
01.02.2024 22:25:00;    4.25;   0.861;  -0.009;   5.765;       0;     0.0;    -1.8
01.02.2024 22:26:00;    4.23;   0.861;  -0.010;   6.757;       0;     0.0;    -1.9
01.02.2024 22:27:00;    4.21;   0.860;  -0.010;   6.168;       0;     0.0;    -1.9
01.02.2024 22:28:00;    4.22;   0.862;  -0.009;   8.035;       0;     0.0;    -1.8
01.02.2024 22:29:00;    4.24;   0.864;  -0.009;   7.671;       0;     0.0;    -1.7
01.02.2024 22:30:00;    4.27;   0.865;  -0.008;   7.404;       0;     0.0;    -1.6
01.02.2024 22:31:00;    4.32;   0.867;  -0.007;   8.293;       0;     0.0;    -1.5
01.02.2024 22:32:00;    4.34;   0.865;  -0.007;   7.247;       0;     0.0;    -1.4
01.02.2024 22:33:00;    4.34;   0.863;  -0.007;   6.311;       0;     0.0;    -1.4
01.02.2024 22:34:00;    4.33;   0.862;  -0.007;   6.727;       0;     0.0;    -1.4
01.02.2024 22:35:00;    4.35;   0.863;  -0.007;   6.495;       0;     0.0;    -1.4
01.02.2024 22:36:00;    4.38;   0.864;  -0.006;   5.999;       0;     0.0;    -1.3
01.02.2024 22:37:00;    4.39;   0.863;  -0.006;   6.162;       0;     0.0;    -1.3
01.02.2024 22:38:00;    4.39;   0.862;  -0.007;   6.947;       0;     0.0;    -1.3
01.02.2024 22:39:00;    4.39;   0.862;  -0.007;   6.596;       0;     0.0;    -1.3
01.02.2024 22:40:00;    4.42;   0.863;  -0.006;   7.297;       0;     0.0;    -1.3
01.02.2024 22:41:00;    4.42;   0.861;  -0.007;   8.582;       0;     0.0;    -1.3
01.02.2024 22:42:00;    4.40;   0.860;  -0.007;   7.785;       0;     0.0;    -1.4
01.02.2024 22:43:00;    4.43;   0.862;  -0.007;   7.937;       0;     0.0;    -1.3
01.02.2024 22:44:00;    4.43;   0.861;  -0.006;   7.779;       0;     0.0;    -1.3
01.02.2024 22:45:00;    4.44;   0.861;  -0.006;   8.551;       0;     0.0;    -1.2
01.02.2024 22:46:00;    4.47;   0.862;  -0.006;   6.662;       0;     0.0;    -1.2
01.02.2024 22:47:00;    4.50;   0.863;  -0.006;   8.617;       0;     0.0;    -1.1
01.02.2024 22:48:00;    4.51;   0.861;  -0.006;   8.735;       0;     0.0;    -1.1
01.02.2024 22:49:00;    4.52;   0.860;  -0.006;   8.481;       0;     0.0;    -1.2
01.02.2024 22:50:00;    4.54;   0.861;  -0.006;   7.520;       0;     0.0;    -1.2
01.02.2024 22:51:00;    4.54;   0.859;  -0.006;   7.680;       0;     0.0;    -1.2
01.02.2024 22:52:00;    4.49;   0.855;  -0.006;   6.786;       0;     0.0;    -1.2
01.02.2024 22:53:00;    4.44;   0.853;  -0.006;   8.014;       0;     0.0;    -1.3
01.02.2024 22:54:00;    4.38;   0.852;  -0.006;   7.927;       0;     0.0;    -1.2
01.02.2024 22:55:00;    4.35;   0.853;  -0.006;   7.726;       0;     0.0;    -1.2
01.02.2024 22:56:00;    4.32;   0.854;  -0.006;   7.417;       0;     0.0;    -1.2
01.02.2024 22:57:00;    4.28;   0.854;  -0.006;   7.654;       0;     0.0;    -1.1
01.02.2024 22:58:00;    4.26;   0.855;  -0.005;   7.546;       0;     0.0;    -1.1
01.02.2024 22:59:00;    4.22;   0.855;  -0.005;   8.594;       0;     0.0;    -1.0
01.02.2024 23:00:00;    4.18;   0.854;  -0.005;   8.598;       0;     0.0;    -1.0
01.02.2024 23:01:00;    4.14;   0.855;  -0.005;   9.269;       0;     0.0;    -1.0
01.02.2024 23:02:00;    4.12;   0.857;  -0.005;   8.384;       0;     0.0;    -0.9
01.02.2024 23:03:00;    4.12;   0.859;  -0.004;   8.432;       0;     0.0;    -0.8
01.02.2024 23:04:00;    4.14;   0.862;  -0.004;   8.199;       0;     0.0;    -0.7
01.02.2024 23:05:00;    4.17;   0.864;  -0.003;   8.661;       0;     0.0;    -0.5
01.02.2024 23:06:00;    4.20;   0.865;  -0.002;   9.232;       0;     0.0;    -0.4
01.02.2024 23:07:00;    4.24;   0.868;  -0.001;   9.667;       0;     0.0;    -0.3
01.02.2024 23:08:00;    4.29;   0.868;  -0.001;   8.978;       0;     0.0;    -0.1
01.02.2024 23:09:00;    4.33;   0.869;  -0.001;   8.761;       0;     0.0;    -0.1
01.02.2024 23:10:00;    4.34;   0.867;  -0.001;   8.738;       0;     0.0;    -0.1
01.02.2024 23:11:00;    4.33;   0.866;  -0.001;   8.372;       0;     0.0;    -0.2
01.02.2024 23:12:00;    4.34;   0.866;  -0.001;   8.891;       0;     0.0;    -0.3
01.02.2024 23:13:00;    4.37;   0.868;  -0.001;   9.244;       0;     0.0;    -0.2
01.02.2024 23:14:00;    4.37;   0.868;  -0.001;   8.618;       0;     0.0;    -0.3
01.02.2024 23:15:00;    4.38;   0.868;  -0.002;   8.154;       0;     0.0;    -0.3
01.02.2024 23:16:00;    4.38;   0.868;  -0.002;   7.351;       0;     0.0;    -0.3
01.02.2024 23:17:00;    4.40;   0.869;  -0.002;   8.290;       0;     0.0;    -0.3
01.02.2024 23:18:00;    4.43;   0.870;  -0.001;   7.239;       0;     0.0;    -0.3
01.02.2024 23:19:00;    4.43;   0.869;  -0.001;   7.628;       0;     0.0;    -0.3
01.02.2024 23:20:00;    4.44;   0.869;  -0.002;   8.665;       0;     0.0;    -0.3
01.02.2024 23:21:00;    4.45;   0.869;  -0.001;   6.866;       0;     0.0;    -0.3
01.02.2024 23:22:00;    4.45;   0.869;  -0.001;   9.211;       0;     0.0;    -0.2
01.02.2024 23:23:00;    4.45;   0.868;  -0.001;   8.297;       0;     0.0;    -0.2
01.02.2024 23:24:00;    4.43;   0.867;  -0.001;   7.878;       0;     0.0;    -0.2
01.02.2024 23:25:00;    4.43;   0.868;  -0.001;   8.426;       0;     0.0;    -0.1
01.02.2024 23:26:00;    4.43;   0.868;  -0.001;   7.884;       0;     0.0;    -0.1
01.02.2024 23:27:00;    4.43;   0.869;  -0.001;   8.190;       0;     0.0;    -0.2
01.02.2024 23:28:00;    4.42;   0.868;  -0.001;   8.660;       0;     0.0;    -0.2
01.02.2024 23:29:00;    4.40;   0.868;  -0.001;   7.998;       0;     0.0;    -0.3
01.02.2024 23:30:00;    4.40;   0.868;  -0.001;   8.247;       0;     0.0;    -0.3
01.02.2024 23:31:00;    4.40;   0.869;  -0.002;   9.734;       0;     0.0;    -0.3
01.02.2024 23:32:00;    4.38;   0.868;  -0.002;   9.637;       0;     0.0;    -0.4
01.02.2024 23:33:00;    4.38;   0.869;  -0.002;   8.804;       0;     0.0;    -0.4
01.02.2024 23:34:00;    4.38;   0.870;  -0.002;   8.253;       0;     0.0;    -0.5
01.02.2024 23:35:00;    4.38;   0.870;  -0.002;   8.329;       0;     0.0;    -0.5
01.02.2024 23:36:00;    4.38;   0.870;  -0.002;   8.852;       0;     0.0;    -0.5
01.02.2024 23:37:00;    4.36;   0.869;  -0.003;   8.635;       0;     0.0;    -0.5
01.02.2024 23:38:00;    4.34;   0.868;  -0.003;   8.516;       0;     0.0;    -0.6
01.02.2024 23:39:00;    4.32;   0.868;  -0.003;   9.096;       0;     0.0;    -0.6
01.02.2024 23:40:00;    4.32;   0.870;  -0.003;   9.759;       0;     0.0;    -0.6
01.02.2024 23:41:00;    4.32;   0.870;  -0.003;   9.400;       0;     0.0;    -0.7
01.02.2024 23:42:00;    4.32;   0.871;  -0.003;   9.093;       0;     0.0;    -0.6
01.02.2024 23:43:00;    4.31;   0.871;  -0.003;   9.079;       0;     0.0;    -0.7
01.02.2024 23:44:00;    4.31;   0.871;  -0.004;   9.447;       0;     0.0;    -0.7
01.02.2024 23:45:00;    4.30;   0.871;  -0.004;   9.094;       0;     0.0;    -0.7
01.02.2024 23:46:00;    4.29;   0.871;  -0.004;   8.333;       0;     0.0;    -0.7
01.02.2024 23:47:00;    4.29;   0.871;  -0.004;   8.386;       0;     0.0;    -0.7
01.02.2024 23:48:00;    4.29;   0.872;  -0.004;   8.470;       0;     0.0;    -0.7
01.02.2024 23:49:00;    4.28;   0.872;  -0.004;   9.014;       0;     0.0;    -0.7
01.02.2024 23:50:00;    4.27;   0.871;  -0.004;   9.318;       0;     0.0;    -0.8
